Абрамов,Александр,Артёмович,2010-07-18,мужской,5в,Школа №761
Абрамов,Александр,Борисович,2008-01-11,мужской,7а,Школа №104
Абрамов,Александр,Вадимович,2003-07-04,мужской,11в,Школа №367
Абрамов,Александр,Демьянович,2004-11-26,мужской,10а,Школа №39
Абрамов,Александр,Егорович,2004-10-15,мужской,10а,Школа №76
Абрамов,Александр,Елисеевич,2010-04-23,мужской,5г,Школа №769
Абрамов,Александр,Игоревич,2006-05-08,мужской,9в,Школа №580
Абрамов,Александр,Кириллович,2003-08-09,мужской,11в,Гимназия №8
Абрамов,Александр,Макарович,2009-02-24,мужской,6б,Школа №705
Абрамов,Александр,Маркович,2010-10-06,мужской,4б,Школа №154
Абрамов,Александр,Сергеевич,2007-02-25,мужской,8б,Школа №38
Абрамов,Алексей,Вадимович,2011-07-04,мужской,3а,Школа №657
Абрамов,Алексей,Егорович,2013-06-27,мужской,2б,Школа №95
Абрамов,Алексей,Миронович,2008-06-10,мужской,6г,Школа №105
Абрамов,Алексей,Русланович,2013-12-12,мужской,1в,Школа №455
Абрамов,Алексей,Святославович,2009-03-22,мужской,6в,Школа №454
Абрамов,Алексей,Станиславович,2004-08-22,мужской,10г,Школа №367
Абрамов,Алексей,Тарасович,2008-03-07,мужской,7в,Школа №579
Абрамов,Алексей,Тихонович,2005-03-06,мужской,10д,Школа №768
Абрамов,Алексей,Тихонович,2005-06-05,мужской,9а,Школа №784
Абрамов,Алексей,Трофимович,2009-10-11,мужской,5в,Школа №736
Абрамов,Анатолий,Анатольевич,2011-03-06,мужской,4б,Школа №314
Абрамов,Анатолий,Артурович,2012-10-03,мужской,2а,Школа №156
Абрамов,Анатолий,Вадимович,2007-09-15,мужской,7г,Школа №222
Абрамов,Анатолий,Витальевич,2014-02-17,мужской,1б,Школа №51
Абрамов,Анатолий,Григорьевич,2012-05-27,мужской,3г,Школа №514
Абрамов,Анатолий,Кириллович,2013-09-19,мужской,1д,Школа №324
Абрамов,Анатолий,Матвеевич,2012-07-27,мужской,2б,Школа №181
Абрамов,Анатолий,Матвеевич,2013-06-28,мужской,1в,Школа №798
Абрамов,Анатолий,Платонович,2012-01-30,мужской,3в,Школа №809
Абрамов,Анатолий,Русланович,2008-06-18,мужской,7в,Школа №211
Абрамов,Анатолий,Савельевич,2009-06-11,мужской,5в,Школа №518
Абрамов,Анатолий,Савельевич,2013-05-02,мужской,2в,Школа №230
Абрамов,Анатолий,Степанович,2004-08-03,мужской,10г,Школа №349
Абрамов,Анатолий,Фёдорович,2014-06-29,мужской,1а,Школа №668
Абрамов,Андрей,Елисеевич,2004-09-28,мужской,10д,Школа №65
Абрамов,Андрей,Иванович,2005-06-17,мужской,10г,Школа №334
Абрамов,Андрей,Игоревич,2011-07-27,мужской,3в,Школа №310
Абрамов,Андрей,Львович,2006-07-17,мужской,9б,Школа №552
Абрамов,Андрей,Яромирович,2008-10-15,мужской,6а,Лицей №3
Абрамов,Антон,Алексеевич,2013-01-10,мужской,2в,Школа №718
Абрамов,Антон,Анатольевич,2007-09-20,мужской,7г,Школа №23
Абрамов,Антон,Артёмович,2004-01-19,мужской,11д,Школа №625
Абрамов,Антон,Демидович,2012-01-30,мужской,3б,Школа №481
Абрамов,Антон,Дмитриевич,2010-08-03,мужской,4а,Школа №296
Абрамов,Антон,Егорович,2010-02-18,мужской,5в,Школа №777
Абрамов,Антон,Игоревич,2005-05-30,мужской,10а,Лицей №22
Абрамов,Антон,Макарович,2013-04-17,мужской,2а,Школа №733
Абрамов,Антон,Никитович,2013-07-05,мужской,1г,Школа №615
Абрамов,Антон,Тарасович,2009-06-15,мужской,6в,Школа №364
Абрамов,Аркадий,Васильевич,2008-07-13,мужской,7в,Школа №683
Абрамов,Аркадий,Иванович,2006-01-19,мужской,9а,Школа №486
Абрамов,Аркадий,Иванович,2008-06-15,мужской,7б,Школа №350
Абрамов,Аркадий,Игнатович,2013-02-18,мужской,2а,Школа №398
Абрамов,Аркадий,Леонидович,2013-08-17,мужской,1а,Школа №711
Абрамов,Аркадий,Степанович,2011-05-27,мужской,4б,Школа №329
Абрамов,Аркадий,Яромирович,2004-03-23,мужской,11а,Школа №700
Абрамов,Арсений,Васильевич,2012-01-21,мужской,3в,Школа №629
Абрамов,Арсений,Дмитриевич,2014-06-01,мужской,1б,Школа №738
Абрамов,Арсений,Игнатович,2007-03-18,мужской,8б,Школа №553
Абрамов,Арсений,Платонович,2011-06-29,мужской,4а,Школа №524
Абрамов,Арсений,Романович,2012-03-12,мужской,3г,Школа №733
Абрамов,Арсений,Степанович,2008-05-22,мужской,7б,Школа №579
Абрамов,Арсений,Тимурович,2010-11-30,мужской,4в,Школа №458
Абрамов,Артур,Вячеславович,2005-05-25,мужской,10в,Школа №473
Абрамов,Артур,Егорович,2011-10-16,мужской,3г,Школа №397
Абрамов,Артур,Максимович,2005-08-23,мужской,9д,Школа №183
Абрамов,Артур,Максимович,2012-12-06,мужской,2г,Школа №632
Абрамов,Артур,Маркович,2011-12-25,мужской,3в,Школа №392
Абрамов,Артур,Мирославович,2006-07-04,мужской,9г,Школа №284
Абрамов,Артур,Прохорович,2009-05-16,мужской,6б,Школа №541
Абрамов,Артур,Святославович,2006-07-09,мужской,9а,Школа №62
Абрамов,Артур,Станиславович,2009-12-02,мужской,5б,Школа №257
Абрамов,Артур,Тимурович,2006-06-09,мужской,8в,Школа №738
Абрамов,Артём,Алексеевич,2010-07-09,мужской,4а,Школа №54
Абрамов,Артём,Анатольевич,2009-03-02,мужской,6в,Школа №631
Абрамов,Артём,Арсеньевич,2006-06-28,мужской,9б,Школа №512
Абрамов,Артём,Борисович,2013-03-11,мужской,2г,Школа №654
Абрамов,Артём,Валентинович,2004-06-20,мужской,11а,Школа №789
Абрамов,Артём,Денисович,2009-09-29,мужской,5б,Школа №488
Абрамов,Артём,Евгеньевич,2012-01-02,мужской,3б,Школа №118
Абрамов,Артём,Маратович,2005-11-08,мужской,9в,Школа №400
Абрамов,Артём,Мирославович,2008-07-23,мужской,7в,Школа №325
Абрамов,Артём,Семёнович,2005-06-11,мужской,10г,Школа №750
Абрамов,Артём,Станиславович,2011-06-19,мужской,3в,Школа №360
Абрамов,Артём,Тарасович,2006-05-19,мужской,9в,Лицей №59
Абрамов,Артём,Фёдорович,2006-07-09,мужской,8в,Школа №336
Абрамов,Архип,Валентинович,2004-12-02,мужской,10б,Школа №594
Абрамов,Архип,Владимирович,2004-11-05,мужской,10д,Школа №169
Абрамов,Архип,Дмитриевич,2004-06-05,мужской,10б,Школа №226
Абрамов,Архип,Иванович,2009-05-08,мужской,6г,Школа №309
Абрамов,Архип,Павлович,2009-07-07,мужской,5в,Школа №106
Абрамов,Архип,Родионович,2010-09-10,мужской,4в,Школа №547
Абрамов,Архип,Савельевич,2011-03-03,мужской,4б,Школа №542
Абрамов,Архип,Семёнович,2003-11-28,мужской,11б,Школа №532
Абрамов,Архип,Юрьевич,2008-05-20,мужской,7в,Школа №509
Абрамов,Богдан,Алексеевич,2006-11-28,мужской,8г,Школа №16
Абрамов,Богдан,Аркадьевич,2004-08-20,мужской,10г,Школа №723
Абрамов,Богдан,Валентинович,2012-01-26,мужской,3б,Школа №286
Абрамов,Богдан,Васильевич,2006-07-14,мужской,8б,Лицей №40
Абрамов,Богдан,Всеволодович,2004-07-05,мужской,11а,Школа №110
Абрамов,Богдан,Всеволодович,2014-06-29,мужской,1б,Школа №733
Абрамов,Богдан,Гордеевич,2003-10-06,мужской,11б,Школа №124
Абрамов,Богдан,Григорьевич,2005-10-17,мужской,9б,Школа №789
Абрамов,Богдан,Елисеевич,2004-06-18,мужской,10в,Школа №733
Абрамов,Богдан,Петрович,2011-07-16,мужской,4б,Школа №157
Абрамов,Богдан,Прохорович,2009-11-23,мужской,5б,Школа №403
Абрамов,Богдан,Тимофеевич,2011-11-19,мужской,3б,Школа №730
Абрамов,Борис,Алексеевич,2011-10-31,мужской,3в,Школа №754
Абрамов,Борис,Артурович,2004-07-09,мужской,10в,Школа №228
Абрамов,Борис,Борисович,2004-01-13,мужской,11в,Школа №574
Абрамов,Борис,Демьянович,2008-12-18,мужской,6б,Школа №323
Абрамов,Борис,Степанович,2003-10-19,мужской,11г,Школа №123
Абрамов,Борис,Степанович,2011-07-08,мужской,3а,Школа №37
Абрамов,Борис,Трофимович,2008-08-08,мужской,6г,Школа №33
Абрамов,Борис,Яромирович,2014-02-07,мужской,1в,Школа №669
Абрамов,Вадим,Артурович,2009-02-21,мужской,6а,Школа №471
Абрамов,Вадим,Викторович,2003-08-02,мужской,11д,Школа №567
Абрамов,Вадим,Георгиевич,2011-12-15,мужской,3а,Школа №16
Абрамов,Вадим,Маратович,2011-01-17,мужской,4а,Школа №439
Абрамов,Вадим,Родионович,2007-11-17,мужской,7а,Школа №5
Абрамов,Вадим,Фёдорович,2012-05-13,мужской,3б,Школа №612
Абрамов,Валентин,Владимирович,2004-08-07,мужской,10в,Школа №41
Абрамов,Валентин,Захарович,2005-04-06,мужской,10г,Школа №487
Абрамов,Валентин,Игоревич,2013-12-20,мужской,1а,Школа №466
Абрамов,Валентин,Назарович,2007-04-24,мужской,8д,Школа №540
Абрамов,Валентин,Николаевич,2006-03-29,мужской,9б,Школа №257
Абрамов,Валентин,Романович,2006-02-17,мужской,9б,Школа №757
Абрамов,Валентин,Трофимович,2004-07-06,мужской,11в,Школа №451
Абрамов,Валерий,Демидович,2014-06-23,мужской,1д,Школа №53
Абрамов,Валерий,Егорович,2013-11-25,мужской,1в,Школа №407
Абрамов,Валерий,Захарович,2005-07-04,мужской,10а,Школа №615
Абрамов,Валерий,Иванович,2007-06-12,мужской,8а,Школа №407
Абрамов,Валерий,Прохорович,2005-05-18,мужской,10б,Школа №620
Абрамов,Валерий,Родионович,2008-05-23,мужской,7в,Школа №525
Абрамов,Валерий,Саввович,2011-01-20,мужской,4в,Школа №323
Абрамов,Валерий,Сергеевич,2006-10-06,мужской,8д,Школа №157
Абрамов,Василий,Анатольевич,2012-02-18,мужской,3в,Школа №498
Абрамов,Василий,Вадимович,2013-01-11,мужской,2г,Школа №558
Абрамов,Василий,Георгиевич,2007-06-21,мужской,8а,Школа №445
Абрамов,Василий,Демьянович,2003-09-05,мужской,11а,Школа №102
Абрамов,Василий,Олегович,2003-07-26,мужской,11в,Школа №623
Абрамов,Василий,Семёнович,2014-04-12,мужской,1а,Школа №51
Абрамов,Виктор,Александрович,2005-11-10,мужской,9в,Школа №306
Абрамов,Виктор,Борисович,2013-04-14,мужской,2а,Школа №736
Абрамов,Виктор,Валерьевич,2010-07-03,мужской,4г,Школа №501
Абрамов,Виктор,Денисович,2007-06-28,мужской,7б,Школа №598
Абрамов,Виктор,Дмитриевич,2007-06-04,мужской,7б,Школа №559
Абрамов,Виктор,Елисеевич,2009-07-09,мужской,6а,Школа №718
Абрамов,Виктор,Климович,2010-03-26,мужской,5б,Школа №730
Абрамов,Виктор,Михаилович,2012-12-07,мужской,2а,Школа №200
Абрамов,Виктор,Назарович,2007-07-07,мужской,8а,Школа №673
Абрамов,Виктор,Святославович,2012-01-23,мужской,3д,Школа №765
Абрамов,Виктор,Семёнович,2006-03-07,мужской,9д,Школа №313
Абрамов,Виктор,Серафимович,2006-04-19,мужской,9а,Школа №219
Абрамов,Виталий,Алексеевич,2005-05-29,мужской,10в,Школа №9
Абрамов,Виталий,Аркадьевич,2006-03-27,мужской,9в,Школа №543
Абрамов,Виталий,Климович,2008-08-14,мужской,6в,Школа №823
Абрамов,Виталий,Мирославович,2008-11-20,мужской,6б,Школа №310
Абрамов,Виталий,Николаевич,2006-12-26,мужской,8б,Школа №795
Абрамов,Виталий,Николаевич,2011-08-14,мужской,3в,Школа №355
Абрамов,Виталий,Святославович,2013-07-03,мужской,2б,Школа №45
Абрамов,Виталий,Тихонович,2010-07-28,мужской,4в,Школа №501
Абрамов,Виталий,Фёдорович,2013-08-03,мужской,1а,Школа №782
Абрамов,Владимир,Владимирович,2009-07-19,мужской,5а,Школа №620
Абрамов,Владимир,Даниилович,2014-07-20,мужской,1в,Школа №470
Абрамов,Владимир,Иванович,2014-06-03,мужской,1д,Школа №730
Абрамов,Владимир,Назарович,2013-08-10,мужской,1а,Школа №655
Абрамов,Владимир,Семёнович,2012-11-26,мужской,2б,Школа №726
Абрамов,Владимир,Серафимович,2010-07-25,мужской,5д,Школа №754
Абрамов,Владимир,Серафимович,2012-05-23,мужской,3д,Школа №452
Абрамов,Владимир,Тихонович,2006-05-25,мужской,9а,Школа №32
Абрамов,Владимир,Тихонович,2010-06-15,мужской,5в,Школа №35
Абрамов,Владимир,Трофимович,2004-09-03,мужской,10б,Школа №743
Абрамов,Владимир,Трофимович,2008-01-21,мужской,7г,Школа №701
Абрамов,Владислав,Александрович,2003-10-15,мужской,11а,Школа №370
Абрамов,Владислав,Арсеньевич,2013-02-10,мужской,2г,Школа №209
Абрамов,Владислав,Артёмович,2009-07-08,мужской,5а,Школа №230
Абрамов,Владислав,Архипович,2004-09-16,мужской,10б,Лицей №48
Абрамов,Владислав,Валентинович,2007-07-07,мужской,7а,Гимназия №9
Абрамов,Владислав,Валерьевич,2005-07-31,мужской,9в,Школа №687
Абрамов,Владислав,Витальевич,2009-10-25,мужской,5б,Школа №319
Абрамов,Владислав,Всеволодович,2005-02-04,мужской,10б,Школа №207
Абрамов,Владислав,Всеволодович,2010-09-22,мужской,4г,Школа №735
Абрамов,Владислав,Егорович,2012-11-13,мужской,2г,Школа №591
Абрамов,Владислав,Константинович,2007-10-30,мужской,7б,Школа №228
Абрамов,Владислав,Никитович,2008-08-17,мужской,6д,Школа №535
Абрамов,Владислав,Ярославович,2004-10-17,мужской,10а,Школа №784
Абрамов,Всеволод,Глебович,2008-07-18,мужской,7в,Лицей №18
Абрамов,Всеволод,Давидович,2004-06-14,мужской,11д,Школа №321
Абрамов,Всеволод,Егорович,2012-05-26,мужской,3а,Школа №214
Абрамов,Всеволод,Прохорович,2011-04-28,мужской,4а,Школа №447
Абрамов,Вячеслав,Андреевич,2012-08-11,мужской,2в,Школа №433
Абрамов,Вячеслав,Валентинович,2008-01-26,мужской,7в,Школа №596
Абрамов,Вячеслав,Васильевич,2013-02-24,мужской,2б,Школа №187
Абрамов,Вячеслав,Вячеславович,2009-06-24,мужской,5б,Школа №451
Абрамов,Вячеслав,Гордеевич,2009-01-23,мужской,6б,Школа №778
Абрамов,Вячеслав,Прохорович,2010-09-29,мужской,4б,Школа №545
Абрамов,Геннадий,Андреевич,2007-01-23,мужской,8а,Школа №547
Абрамов,Геннадий,Васильевич,2008-01-02,мужской,7в,Школа №591
Абрамов,Геннадий,Владиславович,2006-03-08,мужской,9г,Школа №572
Абрамов,Геннадий,Давидович,2004-03-27,мужской,11б,Лицей №53
Абрамов,Геннадий,Дмитриевич,2011-11-27,мужской,3б,Школа №95
Абрамов,Геннадий,Максимович,2004-06-22,мужской,10а,Школа №722
Абрамов,Геннадий,Маркович,2004-04-27,мужской,11в,Школа №519
Абрамов,Георгий,Васильевич,2011-11-13,мужской,3а,Школа №503
Абрамов,Георгий,Всеволодович,2009-05-04,мужской,6а,Школа №613
Абрамов,Георгий,Львович,2010-03-04,мужской,5б,Школа №556
Абрамов,Георгий,Павлович,2005-08-19,мужской,9в,Гимназия №10
Абрамов,Георгий,Платонович,2007-06-06,мужской,8б,Школа №415
Абрамов,Георгий,Родионович,2011-07-06,мужской,3г,Школа №801
Абрамов,Георгий,Ростиславович,2010-02-11,мужской,5б,Школа №593
Абрамов,Георгий,Серафимович,2008-01-09,мужской,7в,Школа №802
Абрамов,Герман,Анатольевич,2013-10-26,мужской,1в,Школа №607
Абрамов,Герман,Аркадьевич,2011-08-14,мужской,3д,Школа №743
Абрамов,Герман,Артурович,2008-08-02,мужской,6а,Школа №298
Абрамов,Герман,Артёмович,2009-10-24,мужской,5а,Школа №391
Абрамов,Герман,Васильевич,2009-10-24,мужской,5в,Школа №769
Абрамов,Герман,Гордеевич,2010-02-10,мужской,5д,Школа №730
Абрамов,Герман,Даниилович,2014-04-03,мужской,1а,Школа №212
Абрамов,Герман,Демьянович,2006-01-22,мужской,9б,Школа №756
Абрамов,Герман,Константинович,2012-07-11,мужской,3б,Школа №568
Абрамов,Герман,Максимович,2006-12-16,мужской,8г,Школа №509
Абрамов,Герман,Маратович,2009-10-19,мужской,5б,Школа №497
Абрамов,Герман,Матвеевич,2009-10-08,мужской,5в,Школа №566
Абрамов,Герман,Ростиславович,2009-01-11,мужской,6в,Школа №274
Абрамов,Герман,Серафимович,2012-02-28,мужской,3в,Школа №231
Абрамов,Герман,Станиславович,2006-07-23,мужской,8г,Лицей №41
Абрамов,Герман,Тихонович,2009-07-28,мужской,5б,Школа №736
Абрамов,Глеб,Алексеевич,2004-02-10,мужской,11г,Школа №181
Абрамов,Глеб,Владимирович,2008-01-21,мужской,7б,Школа №547
Абрамов,Глеб,Владиславович,2005-12-16,мужской,9а,Школа №197
Абрамов,Глеб,Гордеевич,2005-11-20,мужской,9г,Школа №28
Абрамов,Глеб,Давидович,2006-08-04,мужской,8б,Школа №281
Абрамов,Глеб,Львович,2013-02-04,мужской,2б,Школа №626
Абрамов,Глеб,Никитович,2007-07-23,мужской,8в,Школа №816
Абрамов,Глеб,Павлович,2005-08-13,мужской,9а,Школа №200
Абрамов,Глеб,Семёнович,2012-10-19,мужской,2в,Школа №483
Абрамов,Гордей,Вадимович,2009-02-01,мужской,6а,Школа №721
Абрамов,Гордей,Гордеевич,2006-03-23,мужской,9в,Школа №662
Абрамов,Гордей,Леонидович,2008-09-04,мужской,6г,Школа №542
Абрамов,Гордей,Серафимович,2013-02-04,мужской,2а,Школа №661
Абрамов,Гордей,Станиславович,2006-12-02,мужской,8в,Школа №234
Абрамов,Гордей,Тимофеевич,2014-05-24,мужской,1г,Школа №563
Абрамов,Григорий,Артурович,2005-04-08,мужской,10д,Школа №278
Абрамов,Григорий,Викторович,2003-08-02,мужской,11б,Школа №436
Абрамов,Григорий,Вячеславович,2006-09-04,мужской,8г,Школа №396
Абрамов,Григорий,Германович,2008-09-05,мужской,6а,Лицей №55
Абрамов,Григорий,Дмитриевич,2006-07-10,мужской,8г,Школа №140
Абрамов,Григорий,Захарович,2006-10-04,мужской,8б,Школа №715
Абрамов,Григорий,Кириллович,2004-12-20,мужской,10б,Школа №534
Абрамов,Григорий,Макарович,2013-07-10,мужской,2б,Школа №605
Абрамов,Григорий,Максимович,2007-03-18,мужской,8б,Школа №151
Абрамов,Григорий,Миронович,2013-11-07,мужской,1а,Школа №625
Абрамов,Григорий,Платонович,2005-09-08,мужской,9а,Школа №644
Абрамов,Григорий,Платонович,2010-10-06,мужской,4а,Школа №520
Абрамов,Григорий,Романович,2008-11-09,мужской,6б,Школа №626
Абрамов,Григорий,Тимофеевич,2014-02-03,мужской,1в,Школа №17
Абрамов,Григорий,Фёдорович,2007-11-09,мужской,7а,Школа №100
Абрамов,Григорий,Яромирович,2011-07-24,мужской,4г,Школа №116
Абрамов,Давид,Валерьевич,2013-10-12,мужской,1д,Школа №786
Абрамов,Давид,Викторович,2011-11-17,мужской,3д,Школа №769
Абрамов,Давид,Глебович,2014-01-03,мужской,1д,Школа №799
Абрамов,Давид,Гордеевич,2010-07-19,мужской,4а,Школа №517
Абрамов,Давид,Давидович,2004-07-23,мужской,11в,Школа №364
Абрамов,Давид,Даниилович,2007-03-14,мужской,8д,Школа №582
Абрамов,Давид,Евгеньевич,2006-06-30,мужской,8г,Школа №705
Абрамов,Давид,Львович,2013-11-13,мужской,1а,Школа №677
Абрамов,Давид,Мирославович,2012-06-20,мужской,3а,Школа №250
Абрамов,Давид,Назарович,2009-05-11,мужской,6а,Школа №138
Абрамов,Давид,Петрович,2008-11-09,мужской,6г,Школа №46
Абрамов,Давид,Яромирович,2007-07-23,мужской,8г,Школа №820
Абрамов,Даниил,Вадимович,2009-03-18,мужской,6г,Школа №758
Абрамов,Даниил,Витальевич,2013-01-20,мужской,2г,Школа №602
Абрамов,Даниил,Григорьевич,2011-06-14,мужской,3в,Школа №423
Абрамов,Даниил,Григорьевич,2013-07-02,мужской,2а,Школа №626
Абрамов,Даниил,Маратович,2012-06-05,мужской,3г,Школа №274
Абрамов,Даниил,Михаилович,2006-11-13,мужской,8д,Школа №31
Абрамов,Даниил,Михаилович,2007-05-29,мужской,8в,Школа №506
Абрамов,Даниил,Ростиславович,2013-06-25,мужской,1д,Школа №813
Абрамов,Даниил,Станиславович,2014-04-02,мужской,1в,Школа №177
Абрамов,Даниил,Тарасович,2005-09-09,мужской,9б,Школа №478
Абрамов,Даниил,Тихонович,2008-04-30,мужской,7в,Школа №196
Абрамов,Демид,Антонович,2013-06-18,мужской,1б,Школа №247
Абрамов,Демид,Давидович,2003-09-19,мужской,11а,Школа №543
Абрамов,Демид,Денисович,2013-12-26,мужской,1б,Школа №190
Абрамов,Демид,Евгеньевич,2013-11-13,мужской,1б,Школа №169
Абрамов,Демид,Елисеевич,2007-11-12,мужской,7в,Школа №437
Абрамов,Демид,Кириллович,2012-01-27,мужской,3в,Школа №496
Абрамов,Демид,Львович,2012-09-24,мужской,2в,Школа №322
Абрамов,Демид,Мирославович,2014-06-30,мужской,1г,Школа №618
Абрамов,Демид,Тимофеевич,2010-07-07,мужской,5д,Гимназия №2
Абрамов,Демид,Филиппович,2011-06-16,мужской,4б,Школа №689
Абрамов,Демьян,Константинович,2006-09-08,мужской,8а,Школа №570
Абрамов,Демьян,Миронович,2009-07-21,мужской,5б,Школа №214
Абрамов,Демьян,Романович,2010-06-21,мужской,5б,Школа №754
Абрамов,Демьян,Святославович,2006-12-16,мужской,8б,Школа №65
Абрамов,Демьян,Тимофеевич,2005-06-07,мужской,10г,Школа №486
Абрамов,Демьян,Филиппович,2009-12-09,мужской,5а,Школа №93